count,,ticker,title,overall_sentiment_label
50,1,DIS,Punit Goenka passes SAT test,Somewhat-Bullish
50,4,DIS,Josh Kushner Is The Less-Famous Billionaire Brother-In-Law Of Ivanka Trump - Making Billions Off Instagram And Kim Kardashian's SKIMS,Somewhat-Bullish
50,15,DIS,"Gaming Market size to grow by USD 102.13 billion from 2022 to 2027, Activision Blizzard Inc., Apple Inc., Bandai ... - PR Newswire",Somewhat-Bullish
50,19,DIS,"Board games market size to grow by USD 3.02 billion from 2021 to 2026 |Atlas Games, Bezier Games Inc., Buffalo ... - PR Newswire",Somewhat-Bullish
50,20,DIS,100 years of magic: The Walt Disney Company celebrates centenary with dazzling events across the globe,Somewhat-Bullish
50,21,DIS,"After 100 years of innovating entertainment, Disney is at a crossroads",Somewhat-Bullish
50,23,DIS,The Magic Of Retail: How Disney Parks Elevate The Park Shopping Experience,Bullish
50,31,DIS,Books market size to increase by USD 33.21 billion | The increasing usage of interactive books for early literacy drives ... - PR Newswire,Somewhat-Bullish
50,41,DIS,Hasbro  ( HAS )  Q3 2023 Earnings Call Transcript,Somewhat-Bullish
50,48,DIS,Expanding Influence In Business And Beyond For Black Students,Somewhat-Bullish
50,52,DIS,Here's why Disney's deal to sell Indian ops will follow Murdoch's logic,Neutral
50,55,DIS,Apple Raises Prices on Many of Its Services,Bullish
50,58,DIS,"Apple raises prices for Arcade gaming subscription service, AppleTV+ streaming",Somewhat-Bullish
50,59,DIS,Bear Of The Day: Disney  ( DIS ) ,Neutral
50,60,DIS,"These 3 Dow Jones Stocks Could Soar 19% to 29% Over the Next 12 Months, According to Wall Street",Somewhat-Bullish
50,65,DIS,USA Compression and Disney have been highlighted as Zacks Bull and Bear of the Day,Somewhat-Bullish
50,70,DIS,"The sad, lonely secret behind America's never-ending wave of Marvel movies and Disney reboots",Neutral
50,74,DIS,2 Entertainment Stocks For Your Late-October 2023 Watchlist,Bullish
50,86,DIS,"Gaming Market size to grow by USD 102.13 billion from 2022 to 2027, Activision Blizzard Inc., Apple Inc., Bandai ... - PR Newswire",Somewhat-Bullish
50,90,DIS,Board games market size to grow by USD 3.02 billion from 2021 to 2026 | The rapid improvements in content and ... - PR Newswire,Somewhat-Bullish
50,96,DIS,Netflix price increase: Here's how much the major streaming services are set to cost,Neutral
50,99,DIS,Netflix Thrived Despite Hollywood Tensions - Netflix  ( NASDAQ:NFLX ) ,Neutral
50,101,DIS,Netflix Hikes Prices Again As Subscriptions Climb,Somewhat-Bullish
50,102,DIS,"High Yields, Weak Stocks, Powell Talks, Charting the Market, Disney's ESPN Beast",Neutral
50,109,DIS,How Activist Investors Are Shaping Your Financial Future,Somewhat-Bullish
50,116,DIS,Netflix Always Rubs Me the Wrong Way: Here's My Bearish Trade Ahead of Earnings,Neutral
50,119,DIS,"Kansas Jayhawks Top NCAA Basketball Poll: Here Are Betting Favorites To Win, Plus Payouts - DraftKings  ( NASDAQ:DKNG ) , Walt Disney  ( NYSE:DIS ) ",Somewhat-Bullish
50,123,DIS,"Hyundai Unveils IONIQ 5 Disney100 Platinum Edition During ""Dancing with the Stars"" Disney100 Night - PR Newswire",Bullish
50,124,DIS,"Ellevator Launches First-of-its-Kind Private Membership Organization for Women of Color to Elevate Networks, Careers ... - PR Newswire",Bullish
50,126,DIS,Disneyland Paris Reveals $1.5 Billion Investment In Studios Park,Neutral
50,131,DIS,Tinuiti Welcomes Tavo Castro as New Head of Strategic Planning Elevating Client Strategy and Innovation - PR Newswire,Somewhat-Bullish
50,132,DIS,Disney's 100-year journey from garage studio to media empire,Neutral
50,136,DIS,Disney  ( DIS )  Teams Up With TikTok to Celebrate 100 Years,Somewhat-Bullish
50,139,DIS,"Remark Holdings is recognized as a representative vendor for Computer Vision Perceptive Systems by Gartner AI Analyst Erick Brethenoux in his research report, What is Artificial Intelligence? Ignore the hype; Here's where to start",Somewhat-Bullish
50,140,DIS,Disney turns 100 as CEO Bob Iger tries to fix media giant,Neutral
50,143,DIS,From Pencil And Paper To Media Giant: A Century Of Disney,Somewhat-Bullish
50,145,DIS,"Start your week smart: Israeli offensive, Jim Jordan, Kaiser Permanente, Louisiana governor, New Zealand election",Neutral
50,150,DIS,A century of Disney,Neutral
50,151,DIS,"Disney Raises Prices for Theme Parks, Parking",Somewhat-Bullish
50,152,DIS,Popular Social Media Platform TikTok Taps Disney to Boost Content and Engagement - Walt Disney  ( NYSE:DIS ) ,Bullish
50,157,DIS,2 Dow Jones Industrial Average Stocks For Your Mid-October 2023 Watchlist,Somewhat-Bullish
50,161,DIS,"Comcast, Disney Appoint Morgan Stanley, JPMorgan To Determine Hulu's Worth As Sale Process Advances - Comcast  ( NASDAQ:CMCSA ) , JPMorgan Chase  ( NYSE:JPM ) , Morgan Stanley  ( NYSE:MS ) , Walt Disney  ( NYSE:DIS ) ",Neutral
50,163,DIS,Even Disney's Magical Kingdom Is Going Through Dark Times - Walt Disney  ( NYSE:DIS ) ,Neutral
50,164,DIS,London exhibition celebrates 100 years of Disney,Somewhat-Bullish
50,167,DIS,"Disney  ( DIS )  Raises Prices for Disney+, Hulu Streaming Services",Neutral
50,170,DIS,"Where can you find entertainment, beaches, jobs, low cost of living and more? Here are some of the best places to live in Florida.",Bullish
50,173,DIS,"OWN A PIECE OF DISNEY STORYTELLING AS CREATE 100 AUCTION GOES LIVE, FEATURING UNIQUE ITEMS FROM NIGO®, CACTUS PLANT FLEA MARKET, CHARLOTTE TILBURY, VIK MUNIZ, MAISON VALENTINO, CHRISTIAN LOUBOUTIN, TOMMY HILFIGER, THE ICONIC BLACK IS KING CATSUIT WORN BY BEYONCÉ, AND MORE IN SUPPORT OF MAKE-A-WISH®",Bullish
50,178,DIS,"Should The NFL Buy ABC From Disney? 'The NFL Is Standing By And Witnessing The Destruction Of The Linear TV Ecosystem,' Analyst Says - Walt Disney  ( NYSE:DIS ) ",Neutral
50,184,DIS,"Analyst Urges NFL To Buy ABC From Disney, Instead Of Watching 'Destruction' Of Linear TV",Neutral
50,191,DIS,"Interactive Children's Books Market to increase by USD 711.99 million between 2022 to 2027, Amazon.com Inc ... - PR Newswire",Somewhat-Bullish
16,32,NFLX,Hasbro  ( HAS )  Q3 2023 Earnings Call Transcript,Somewhat-Bullish
16,49,NFLX,Here's why Disney's deal to sell Indian ops will follow Murdoch's logic,Neutral
16,53,NFLX,Apple Raises Prices on Many of Its Services,Bullish
16,56,NFLX,"Apple raises prices for Arcade gaming subscription service, AppleTV+ streaming",Somewhat-Bullish
16,67,NFLX,"The sad, lonely secret behind America's never-ending wave of Marvel movies and Disney reboots",Neutral
16,91,NFLX,Netflix price increase: Here's how much the major streaming services are set to cost,Neutral
16,97,NFLX,Netflix Thrived Despite Hollywood Tensions - Netflix  ( NASDAQ:NFLX ) ,Neutral
16,100,NFLX,Netflix Hikes Prices Again As Subscriptions Climb,Somewhat-Bullish
16,110,NFLX,Netflix Always Rubs Me the Wrong Way: Here's My Bearish Trade Ahead of Earnings,Neutral
16,133,NFLX,Disney  ( DIS )  Teams Up With TikTok to Celebrate 100 Years,Somewhat-Bullish
16,141,NFLX,From Pencil And Paper To Media Giant: A Century Of Disney,Somewhat-Bullish
16,146,NFLX,A century of Disney,Neutral
16,162,NFLX,Even Disney's Magical Kingdom Is Going Through Dark Times - Walt Disney  ( NYSE:DIS ) ,Neutral
16,165,NFLX,"Disney  ( DIS )  Raises Prices for Disney+, Hulu Streaming Services",Neutral
16,174,NFLX,"Should The NFL Buy ABC From Disney? 'The NFL Is Standing By And Witnessing The Destruction Of The Linear TV Ecosystem,' Analyst Says - Walt Disney  ( NYSE:DIS ) ",Neutral
16,180,NFLX,"Analyst Urges NFL To Buy ABC From Disney, Instead Of Watching 'Destruction' Of Linear TV",Neutral
8,8,AAPL,"Gaming Market size to grow by USD 102.13 billion from 2022 to 2027, Activision Blizzard Inc., Apple Inc., Bandai ... - PR Newswire",Somewhat-Bullish
8,57,AAPL,"Apple raises prices for Arcade gaming subscription service, AppleTV+ streaming",Somewhat-Bullish
8,78,AAPL,"Gaming Market size to grow by USD 102.13 billion from 2022 to 2027, Activision Blizzard Inc., Apple Inc., Bandai ... - PR Newswire",Somewhat-Bullish
8,93,AAPL,Netflix price increase: Here's how much the major streaming services are set to cost,Neutral
8,111,AAPL,Netflix Always Rubs Me the Wrong Way: Here's My Bearish Trade Ahead of Earnings,Neutral
8,154,AAPL,2 Dow Jones Industrial Average Stocks For Your Mid-October 2023 Watchlist,Somewhat-Bullish
8,175,AAPL,"Should The NFL Buy ABC From Disney? 'The NFL Is Standing By And Witnessing The Destruction Of The Linear TV Ecosystem,' Analyst Says - Walt Disney  ( NYSE:DIS ) ",Neutral
8,181,AAPL,"Analyst Urges NFL To Buy ABC From Disney, Instead Of Watching 'Destruction' Of Linear TV",Neutral
6,94,CCZ,Netflix price increase: Here's how much the major streaming services are set to cost,Neutral
6,98,CCZ,Netflix Thrived Despite Hollywood Tensions - Netflix  ( NASDAQ:NFLX ) ,Neutral
6,115,CCZ,Netflix Always Rubs Me the Wrong Way: Here's My Bearish Trade Ahead of Earnings,Neutral
6,134,CCZ,Disney  ( DIS )  Teams Up With TikTok to Celebrate 100 Years,Somewhat-Bullish
6,148,CCZ,A century of Disney,Neutral
6,158,CCZ,"Comcast, Disney Appoint Morgan Stanley, JPMorgan To Determine Hulu's Worth As Sale Process Advances - Comcast  ( NASDAQ:CMCSA ) , JPMorgan Chase  ( NYSE:JPM ) , Morgan Stanley  ( NYSE:MS ) , Walt Disney  ( NYSE:DIS ) ",Neutral
5,0,SNEJF,Punit Goenka passes SAT test,Somewhat-Bullish
5,113,PARA,Netflix Always Rubs Me the Wrong Way: Here's My Bearish Trade Ahead of Earnings,Neutral
5,7,SNEJF,"Gaming Market size to grow by USD 102.13 billion from 2022 to 2027, Activision Blizzard Inc., Apple Inc., Bandai ... - PR Newswire",Somewhat-Bullish
5,166,PARA,"Disney  ( DIS )  Raises Prices for Disney+, Hulu Streaming Services",Neutral
5,50,SNEJF,Here's why Disney's deal to sell Indian ops will follow Murdoch's logic,Neutral
5,176,PARA,"Should The NFL Buy ABC From Disney? 'The NFL Is Standing By And Witnessing The Destruction Of The Linear TV Ecosystem,' Analyst Says - Walt Disney  ( NYSE:DIS ) ",Neutral
5,68,SNEJF,"The sad, lonely secret behind America's never-ending wave of Marvel movies and Disney reboots",Neutral
5,182,PARA,"Analyst Urges NFL To Buy ABC From Disney, Instead Of Watching 'Destruction' Of Linear TV",Neutral
5,77,SNEJF,"Gaming Market size to grow by USD 102.13 billion from 2022 to 2027, Activision Blizzard Inc., Apple Inc., Bandai ... - PR Newswire",Somewhat-Bullish
5,188,PARA,"Interactive Children's Books Market to increase by USD 711.99 million between 2022 to 2027, Amazon.com Inc ... - PR Newswire",Somewhat-Bullish
4,95,AMZN,Netflix price increase: Here's how much the major streaming services are set to cost,Neutral
4,135,AMZN,Disney  ( DIS )  Teams Up With TikTok to Celebrate 100 Years,Somewhat-Bullish
4,177,AMZN,"Should The NFL Buy ABC From Disney? 'The NFL Is Standing By And Witnessing The Destruction Of The Linear TV Ecosystem,' Analyst Says - Walt Disney  ( NYSE:DIS ) ",Neutral
4,183,AMZN,"Analyst Urges NFL To Buy ABC From Disney, Instead Of Watching 'Destruction' Of Linear TV",Neutral
3,5,MSFT,"Gaming Market size to grow by USD 102.13 billion from 2022 to 2027, Activision Blizzard Inc., Apple Inc., Bandai ... - PR Newswire",Somewhat-Bullish
3,18,HAS,"Board games market size to grow by USD 3.02 billion from 2021 to 2026 |Atlas Games, Bezier Games Inc., Buffalo ... - PR Newswire",Somewhat-Bullish
3,33,GOOG,Hasbro  ( HAS )  Q3 2023 Earnings Call Transcript,Somewhat-Bullish
3,39,HAS,Hasbro  ( HAS )  Q3 2023 Earnings Call Transcript,Somewhat-Bullish
3,75,MSFT,"Gaming Market size to grow by USD 102.13 billion from 2022 to 2027, Activision Blizzard Inc., Apple Inc., Bandai ... - PR Newswire",Somewhat-Bullish
3,120,GOOG,"Hyundai Unveils IONIQ 5 Disney100 Platinum Edition During ""Dancing with the Stars"" Disney100 Night - PR Newswire",Bullish
3,89,HAS,Board games market size to grow by USD 3.02 billion from 2021 to 2026 | The rapid improvements in content and ... - PR Newswire,Somewhat-Bullish
3,130,GOOG,Tinuiti Welcomes Tavo Castro as New Head of Strategic Planning Elevating Client Strategy and Innovation - PR Newswire,Somewhat-Bullish
3,153,MSFT,2 Dow Jones Industrial Average Stocks For Your Mid-October 2023 Watchlist,Somewhat-Bullish
2,2,SPOT,Josh Kushner Is The Less-Famous Billionaire Brother-In-Law Of Ivanka Trump - Making Billions Off Instagram And Kim Kardashian's SKIMS,Somewhat-Bullish
2,6,NTES,"Gaming Market size to grow by USD 102.13 billion from 2022 to 2027, Activision Blizzard Inc., Apple Inc., Bandai ... - PR Newswire",Somewhat-Bullish
2,9,NCBDF,"Gaming Market size to grow by USD 102.13 billion from 2022 to 2027, Activision Blizzard Inc., Apple Inc., Bandai ... - PR Newswire",Somewhat-Bullish
2,10,NTDOF,"Gaming Market size to grow by USD 102.13 billion from 2022 to 2027, Activision Blizzard Inc., Apple Inc., Bandai ... - PR Newswire",Somewhat-Bullish
2,11,DNACF,"Gaming Market size to grow by USD 102.13 billion from 2022 to 2027, Activision Blizzard Inc., Apple Inc., Bandai ... - PR Newswire",Somewhat-Bullish
2,12,SQNXF,"Gaming Market size to grow by USD 102.13 billion from 2022 to 2027, Activision Blizzard Inc., Apple Inc., Bandai ... - PR Newswire",Somewhat-Bullish
2,13,UBSFF,"Gaming Market size to grow by USD 102.13 billion from 2022 to 2027, Activision Blizzard Inc., Apple Inc., Bandai ... - PR Newswire",Somewhat-Bullish
2,14,EA,"Gaming Market size to grow by USD 102.13 billion from 2022 to 2027, Activision Blizzard Inc., Apple Inc., Bandai ... - PR Newswire",Somewhat-Bullish
2,16,GMWKF,"Board games market size to grow by USD 3.02 billion from 2021 to 2026 |Atlas Games, Bezier Games Inc., Buffalo ... - PR Newswire",Somewhat-Bullish
2,17,MAT,"Board games market size to grow by USD 3.02 billion from 2021 to 2026 |Atlas Games, Bezier Games Inc., Buffalo ... - PR Newswire",Somewhat-Bullish
2,25,SCHL,Books market size to increase by USD 33.21 billion | The increasing usage of interactive books for early literacy drives ... - PR Newswire,Somewhat-Bullish
2,27,RELX,Books market size to increase by USD 33.21 billion | The increasing usage of interactive books for early literacy drives ... - PR Newswire,Somewhat-Bullish
2,30,PSO,Books market size to increase by USD 33.21 billion | The increasing usage of interactive books for early literacy drives ... - PR Newswire,Somewhat-Bullish
2,35,MS,Hasbro  ( HAS )  Q3 2023 Earnings Call Transcript,Somewhat-Bullish
2,38,RBLX,Hasbro  ( HAS )  Q3 2023 Earnings Call Transcript,Somewhat-Bullish
2,42,TSLA,Expanding Influence In Business And Beyond For Black Students,Somewhat-Bullish
2,51,META,Here's why Disney's deal to sell Indian ops will follow Murdoch's logic,Neutral
2,72,CHTR,2 Entertainment Stocks For Your Late-October 2023 Watchlist,Bullish
2,92,WBD,Netflix price increase: Here's how much the major streaming services are set to cost,Neutral
2,142,GBHL,From Pencil And Paper To Media Giant: A Century Of Disney,Somewhat-Bullish
2,156,BA,2 Dow Jones Industrial Average Stocks For Your Mid-October 2023 Watchlist,Somewhat-Bullish
2,179,SBGI,"Should The NFL Buy ABC From Disney? 'The NFL Is Standing By And Witnessing The Destruction Of The Linear TV Ecosystem,' Analyst Says - Walt Disney  ( NYSE:DIS ) ",Neutral
2,54,SPOT,Apple Raises Prices on Many of Its Services,Bullish
2,71,RBLX,2 Entertainment Stocks For Your Late-October 2023 Watchlist,Bullish
2,76,NTES,"Gaming Market size to grow by USD 102.13 billion from 2022 to 2027, Activision Blizzard Inc., Apple Inc., Bandai ... - PR Newswire",Somewhat-Bullish
2,79,NCBDF,"Gaming Market size to grow by USD 102.13 billion from 2022 to 2027, Activision Blizzard Inc., Apple Inc., Bandai ... - PR Newswire",Somewhat-Bullish
2,80,NTDOF,"Gaming Market size to grow by USD 102.13 billion from 2022 to 2027, Activision Blizzard Inc., Apple Inc., Bandai ... - PR Newswire",Somewhat-Bullish
2,82,DNACF,"Gaming Market size to grow by USD 102.13 billion from 2022 to 2027, Activision Blizzard Inc., Apple Inc., Bandai ... - PR Newswire",Somewhat-Bullish
2,83,SQNXF,"Gaming Market size to grow by USD 102.13 billion from 2022 to 2027, Activision Blizzard Inc., Apple Inc., Bandai ... - PR Newswire",Somewhat-Bullish
2,84,UBSFF,"Gaming Market size to grow by USD 102.13 billion from 2022 to 2027, Activision Blizzard Inc., Apple Inc., Bandai ... - PR Newswire",Somewhat-Bullish
2,85,EA,"Gaming Market size to grow by USD 102.13 billion from 2022 to 2027, Activision Blizzard Inc., Apple Inc., Bandai ... - PR Newswire",Somewhat-Bullish
2,87,GMWKF,Board games market size to grow by USD 3.02 billion from 2021 to 2026 | The rapid improvements in content and ... - PR Newswire,Somewhat-Bullish
2,88,MAT,Board games market size to grow by USD 3.02 billion from 2021 to 2026 | The rapid improvements in content and ... - PR Newswire,Somewhat-Bullish
2,112,TSLA,Netflix Always Rubs Me the Wrong Way: Here's My Bearish Trade Ahead of Earnings,Neutral
2,121,META,"Hyundai Unveils IONIQ 5 Disney100 Platinum Edition During ""Dancing with the Stars"" Disney100 Night - PR Newswire",Bullish
2,144,WBD,"Start your week smart: Israeli offensive, Jim Jordan, Kaiser Permanente, Louisiana governor, New Zealand election",Neutral
2,149,GBHL,A century of Disney,Neutral
2,155,CHTR,2 Dow Jones Industrial Average Stocks For Your Mid-October 2023 Watchlist,Somewhat-Bullish
2,160,MS,"Comcast, Disney Appoint Morgan Stanley, JPMorgan To Determine Hulu's Worth As Sale Process Advances - Comcast  ( NASDAQ:CMCSA ) , JPMorgan Chase  ( NYSE:JPM ) , Morgan Stanley  ( NYSE:MS ) , Walt Disney  ( NYSE:DIS ) ",Neutral
2,169,BA,"Where can you find entertainment, beaches, jobs, low cost of living and more? Here are some of the best places to live in Florida.",Bullish
2,185,SBGI,"Analyst Urges NFL To Buy ABC From Disney, Instead Of Watching 'Destruction' Of Linear TV",Neutral
2,186,RELX,"Interactive Children's Books Market to increase by USD 711.99 million between 2022 to 2027, Amazon.com Inc ... - PR Newswire",Somewhat-Bullish
2,187,SCHL,"Interactive Children's Books Market to increase by USD 711.99 million between 2022 to 2027, Amazon.com Inc ... - PR Newswire",Somewhat-Bullish
2,189,PSO,"Interactive Children's Books Market to increase by USD 711.99 million between 2022 to 2027, Amazon.com Inc ... - PR Newswire",Somewhat-Bullish
1,3,OSCR,Josh Kushner Is The Less-Famous Billionaire Brother-In-Law Of Ivanka Trump - Making Billions Off Instagram And Kim Kardashian's SKIMS,Somewhat-Bullish
1,22,GLFGF,The Magic Of Retail: How Disney Parks Elevate The Park Shopping Experience,Bullish
1,24,WMT,The Magic Of Retail: How Disney Parks Elevate The Park Shopping Experience,Bullish
1,26,NWSAL,Books market size to increase by USD 33.21 billion | The increasing usage of interactive books for early literacy drives ... - PR Newswire,Somewhat-Bullish
1,28,TRI,Books market size to increase by USD 33.21 billion | The increasing usage of interactive books for early literacy drives ... - PR Newswire,Somewhat-Bullish
1,29,VIVEF,Books market size to increase by USD 33.21 billion | The increasing usage of interactive books for early literacy drives ... - PR Newswire,Somewhat-Bullish
1,34,BAC,Hasbro  ( HAS )  Q3 2023 Earnings Call Transcript,Somewhat-Bullish
1,36,TOMYY,Hasbro  ( HAS )  Q3 2023 Earnings Call Transcript,Somewhat-Bullish
1,37,MORN,Hasbro  ( HAS )  Q3 2023 Earnings Call Transcript,Somewhat-Bullish
1,40,GS,Hasbro  ( HAS )  Q3 2023 Earnings Call Transcript,Somewhat-Bullish
1,43,AARTY,Expanding Influence In Business And Beyond For Black Students,Somewhat-Bullish
1,44,ADSK,Expanding Influence In Business And Beyond For Black Students,Somewhat-Bullish
1,45,AXP,Expanding Influence In Business And Beyond For Black Students,Somewhat-Bullish
1,46,LDNXF,Expanding Influence In Business And Beyond For Black Students,Somewhat-Bullish
1,47,ALIZF,Expanding Influence In Business And Beyond For Black Students,Somewhat-Bullish
1,61,WBA,"These 3 Dow Jones Stocks Could Soar 19% to 29% Over the Next 12 Months, According to Wall Street",Somewhat-Bullish
1,62,ABBV,USA Compression and Disney have been highlighted as Zacks Bull and Bear of the Day,Somewhat-Bullish
1,63,GILD,USA Compression and Disney have been highlighted as Zacks Bull and Bear of the Day,Somewhat-Bullish
1,64,AMGN,USA Compression and Disney have been highlighted as Zacks Bull and Bear of the Day,Somewhat-Bullish
1,66,USAC,USA Compression and Disney have been highlighted as Zacks Bull and Bear of the Day,Somewhat-Bullish
1,69,FNKO,"The sad, lonely secret behind America's never-ending wave of Marvel movies and Disney reboots",Neutral
1,73,ICNB,2 Entertainment Stocks For Your Late-October 2023 Watchlist,Bullish
1,81,ATVI,"Gaming Market size to grow by USD 102.13 billion from 2022 to 2027, Activision Blizzard Inc., Apple Inc., Bandai ... - PR Newswire",Somewhat-Bullish
1,103,WEN,How Activist Investors Are Shaping Your Financial Future,Somewhat-Bullish
1,104,MSGS,How Activist Investors Are Shaping Your Financial Future,Somewhat-Bullish
1,105,UL,How Activist Investors Are Shaping Your Financial Future,Somewhat-Bullish
1,106,XOM,How Activist Investors Are Shaping Your Financial Future,Somewhat-Bullish
1,107,DRI,How Activist Investors Are Shaping Your Financial Future,Somewhat-Bullish
1,108,GE,How Activist Investors Are Shaping Your Financial Future,Somewhat-Bullish
1,114,LRCX,Netflix Always Rubs Me the Wrong Way: Here's My Bearish Trade Ahead of Earnings,Neutral
1,117,DKNG,"Kansas Jayhawks Top NCAA Basketball Poll: Here Are Betting Favorites To Win, Plus Payouts - DraftKings  ( NASDAQ:DKNG ) , Walt Disney  ( NYSE:DIS ) ",Somewhat-Bullish
1,118,AWON,"Kansas Jayhawks Top NCAA Basketball Poll: Here Are Betting Favorites To Win, Plus Payouts - DraftKings  ( NASDAQ:DKNG ) , Walt Disney  ( NYSE:DIS ) ",Somewhat-Bullish
1,122,HYMLF,"Hyundai Unveils IONIQ 5 Disney100 Platinum Edition During ""Dancing with the Stars"" Disney100 Night - PR Newswire",Bullish
1,125,WEWOW,"Ellevator Launches First-of-its-Kind Private Membership Organization for Women of Color to Elevate Networks, Careers ... - PR Newswire",Bullish
1,127,MVES,Disneyland Paris Reveals $1.5 Billion Investment In Studios Park,Neutral
1,128,FOREX:EUR,Disneyland Paris Reveals $1.5 Billion Investment In Studios Park,Neutral
1,129,KO,Tinuiti Welcomes Tavo Castro as New Head of Strategic Planning Elevating Client Strategy and Innovation - PR Newswire,Somewhat-Bullish
1,137,MARK,"Remark Holdings is recognized as a representative vendor for Computer Vision Perceptive Systems by Gartner AI Analyst Erick Brethenoux in his research report, What is Artificial Intelligence? Ignore the hype; Here's where to start",Somewhat-Bullish
1,138,WM,"Remark Holdings is recognized as a representative vendor for Computer Vision Perceptive Systems by Gartner AI Analyst Erick Brethenoux in his research report, What is Artificial Intelligence? Ignore the hype; Here's where to start",Somewhat-Bullish
1,147,FRNWF,A century of Disney,Neutral
1,159,JPM,"Comcast, Disney Appoint Morgan Stanley, JPMorgan To Determine Hulu's Worth As Sale Process Advances - Comcast  ( NASDAQ:CMCSA ) , JPMorgan Chase  ( NYSE:JPM ) , Morgan Stanley  ( NYSE:MS ) , Walt Disney  ( NYSE:DIS ) ",Neutral
1,168,RDW,"Where can you find entertainment, beaches, jobs, low cost of living and more? Here are some of the best places to live in Florida.",Bullish
1,171,JNJ,"Where can you find entertainment, beaches, jobs, low cost of living and more? Here are some of the best places to live in Florida.",Bullish
1,172,PSFE,"Where can you find entertainment, beaches, jobs, low cost of living and more? Here are some of the best places to live in Florida.",Bullish
1,190,CJREF,"Interactive Children's Books Market to increase by USD 711.99 million between 2022 to 2027, Amazon.com Inc ... - PR Newswire",Somewhat-Bullish
